num_tips	time	memory
81	105.52392363548279	836540
243	108.10287833213806	832728
729	106.69673681259155	829988
2187	106.25027585029602	839868
6561	106.22881960868835	852788
19683	107.05091333389282	881424
59049	112.99190831184387	986364
177147	128.4618456363678	1299208
531441	172.19995737075806	2155352
1594323	292.2090377807617	5032120