num_tips	time	memory
81	348.0435583591461	803508
243	350.2108528614044	807060
729	348.7410612106323	812092
2187	344.98778319358826	810204
6561	352.32884788513184	813768
19683	350.40056681632996	830856
59049	354.93766260147095	889396
177147	370.4314835071564	1082408
531441	411.3824384212494	2151836
1594323	488.2665104866028	5828136
