num_tips	time	memory
81	7.824864387512207	149208
243	19.90798306465149	162000
729	62.16366243362427	201428
2187	181.58428645133972	293660
6561	558.7873299121857	604788
19683	1750.229725599289	1557568
59049	5812.06746673584	4413636
