num_tips	time	memory
81	39.346211433410645	374732
243	39.79034352302551	377252
729	39.82142877578735	377712
2187	39.48753786087036	379624
6561	41.4931366443634	395440
19683	45.98903703689575	418496
59049	59.902671098709106	531076
177147	110.43530368804932	856384
531441	265.2698209285736	1684196
1594323	781.4078130722046	4443040