num_tips	time	memory
16	2.1923489570617676	111501312
64	2.0574450492858887	112005120
256	2.357111930847168	113106944
1024	4.89949893951416	117035008
4096	17.282145023345947	135073792
16384	78.0345549583435	190083072
65536	371.1720218658447	400490496
