num_tips	time	memory
81	119.47360324859619	329892
243	119.34836721420288	340776
729	118.09998679161072	339656
2187	121.6678626537323	338492
6561	120.42840218544006	338604
19683	124.23181462287903	377100
59049	138.0849792957306	438588
177147	185.1676971912384	716172
531441	329.42693281173706	1812376
1594323	820.7792181968689	5373324
